Change,Close,Date,Momentum
0.0,13.0,2010-01-04,0
0.0323076923076923,13.42,2010-01-05,1
0.034277198211624504,13.88,2010-01-06,1
0.0021613832853025474,13.91,2010-01-07,1
0.002156721782889961,13.94,2010-01-08,1
0.018651362984218062,13.68,2010-01-11,0
0.03435672514619888,14.15,2010-01-12,1
0.0,14.15,2010-01-13,0
0.06572438162544167,15.08,2010-01-14,1
0.00795755968169756,15.2,2010-01-15,1
0.02960526315789469,14.75,2010-01-19,0
0.027118644067796634,14.35,2010-01-20,0
0.052961672473867585,13.59,2010-01-21,0
0.03384841795437828,14.05,2010-01-22,1
0.007117437722419903,14.15,2010-01-25,1
0.04946996466431103,13.45,2010-01-26,0
0.02156133828996276,13.16,2010-01-27,0
0.006838905775075977,13.07,2010-01-28,0
0.048201989288446746,13.7,2010-01-29,1
0.010218978102189823,13.84,2010-02-01,1
0.008670520231213945,13.96,2010-02-02,1
0.03510028653295118,14.45,2010-02-03,1
0.02076124567474041,14.15,2010-02-04,0
0.07985865724381631,13.02,2010-02-05,0
0.02841781874039946,13.39,2010-02-08,1
0.001493651979088973,13.37,2010-02-09,0
0.023934181002243718,13.05,2010-02-10,0
0.003831417624520991,13.1,2010-02-11,1
0.0022900763358779494,13.13,2010-02-12,1
0.016755521706016668,13.35,2010-02-16,1
0.0,13.35,2010-02-17,0
0.032958801498127306,13.79,2010-02-18,1
0.0007251631617113697,13.78,2010-02-19,0
0.0014513788098693451,13.76,2010-02-22,0
0.0036337209302326097,13.81,2010-02-23,1
0.01086169442433022,13.66,2010-02-24,0
0.026354319180087807,13.3,2010-02-25,0
0.02255639097744366,13.0,2010-02-26,0
0.042307692307692366,13.55,2010-03-01,1
0.012546125461254607,13.38,2010-03-02,0
0.01943198804185363,13.12,2010-03-03,0
0.007621951219512168,13.02,2010-03-04,0
0.024577572964669763,13.34,2010-03-05,1
0.03223388305847075,13.77,2010-03-08,1
0.0065359477124182904,13.68,2010-03-09,0
0.005847953216374275,13.76,2010-03-10,1
0.021075581395348906,14.05,2010-03-11,1
0.012099644128113873,13.88,2010-03-12,0
0.021613832853025986,13.58,2010-03-15,0
0.0022091310751104092,13.61,2010-03-16,1
0.015429831006612847,13.82,2010-03-17,1
0.0021707670043414878,13.85,2010-03-18,1
0.0014440433212996083,13.87,2010-03-19,1
0.015140591204037426,13.66,2010-03-22,0
0.026354319180087807,13.3,2010-03-23,0
0.009022556390977519,13.18,2010-03-24,0
0.031866464339908945,13.6,2010-03-25,1
0.0,13.6,2010-03-26,0
0.00220588235294126,13.63,2010-03-29,1
0.005869405722670584,13.55,2010-03-30,0
0.01845018450184502,13.8,2010-03-31,1
0.01666666666666657,14.03,2010-04-01,1
0.008553100498930934,14.15,2010-04-05,1
0.0014134275618374256,14.17,2010-04-06,1
0.015525758645024746,14.39,2010-04-07,1
0.015288394718554471,14.61,2010-04-08,1
0.0020533880903490323,14.58,2010-04-09,0
0.001371742112482824,14.6,2010-04-12,1
0.0226027397260274,14.27,2010-04-13,0
0.04765241765942535,14.95,2010-04-14,1
0.006688963210702436,15.05,2010-04-15,1
0.032558139534883734,14.56,2010-04-16,0
0.004120879120879155,14.5,2010-04-19,0
0.009655172413793142,14.64,2010-04-20,1
0.007513661202185874,14.53,2010-04-21,0
0.042670337233310464,15.15,2010-04-22,1
0.03960396039603958,15.75,2010-04-23,1
0.003809523809523841,15.81,2010-04-26,1
0.03225806451612902,15.3,2010-04-27,0
0.015032679738562118,15.07,2010-04-28,0
0.0165892501658925,14.82,2010-04-29,0
0.00269905533063422,14.86,2010-04-30,1
0.021534320323014826,15.18,2010-05-03,1
0.037549407114624525,14.61,2010-05-04,0
0.02806297056810405,14.2,2010-05-05,0
0.08802816901408451,12.95,2010-05-06,0
0.009266409266409344,13.07,2010-05-07,1
0.03519510328997698,13.53,2010-05-10,1
0.019955654101995665,13.8,2010-05-11,1
0.002898550724637748,13.76,2010-05-12,0
0.017441860465116296,14.0,2010-05-13,1
0.02214285714285718,14.31,2010-05-14,1
0.04053109713487072,13.73,2010-05-17,0
0.038601602330662864,13.2,2010-05-18,0
0.011363636363636256,13.05,2010-05-19,0
0.0842911877394637,11.95,2010-05-20,0
0.009205020920502193,12.06,2010-05-21,1
0.05058043117744605,12.67,2010-05-24,1
0.04893449092344114,12.05,2010-05-25,0
0.02074688796680498,11.8,2010-05-26,0
0.02711864406779648,12.12,2010-05-27,1
0.0024752475247525694,12.15,2010-05-28,1
0.016460905349794327,11.95,2010-06-01,0
0.027615062761506284,11.62,2010-06-02,0
0.007745266781411348,11.53,2010-06-03,0
0.014744145706851687,11.7,2010-06-04,1
0.0128205128205127,11.55,2010-06-07,0
0.0380952380952382,11.11,2010-06-08,0
0.051305130513051335,10.54,2010-06-09,0
0.015180265654648802,10.38,2010-06-10,0
0.011560693641618592,10.26,2010-06-11,0
0.04775828460038989,10.75,2010-06-14,1
0.05581395348837206,11.35,2010-06-15,1
0.0017621145374448965,11.33,2010-06-16,0
0.015887025595763434,11.15,2010-06-17,0
0.023318385650224194,10.89,2010-06-18,0
0.046831955922864994,11.4,2010-06-21,1
0.02280701754385963,11.66,2010-06-22,1
0.007718696397941669,11.57,2010-06-23,0
0.004321521175453667,11.62,2010-06-24,1
0.0068846815834767705,11.7,2010-06-25,1
0.043589743589743574,11.19,2010-06-28,0
0.05987488829311885,10.52,2010-06-29,0
0.021863117870722475,10.75,2010-06-30,1
0.0083720930232558,10.66,2010-07-01,0
0.0009380863039399424,10.67,2010-07-02,1
0.06841611996251176,11.4,2010-07-06,1
0.0017543859649122432,11.42,2010-07-07,1
0.007005253940455348,11.34,2010-07-08,0
0.02204585537918871,11.59,2010-07-09,1
0.007765314926660902,11.5,2010-07-12,0
0.0008695652173912858,11.49,2010-07-13,0
0.010443864229764946,11.61,2010-07-14,1
0.01205857019810513,11.75,2010-07-15,1
0.0034042553191488637,11.79,2010-07-16,1
0.02120441051738762,12.04,2010-07-19,1
0.02657807308970102,12.36,2010-07-20,1
0.011326860841423994,12.5,2010-07-21,1
0.0040000000000000565,12.45,2010-07-22,0
0.007228915662650591,12.54,2010-07-23,1
0.02312599681020727,12.25,2010-07-26,0
0.013877551020408158,12.42,2010-07-27,1
0.010466988727858357,12.55,2010-07-28,1
0.013545816733067723,12.72,2010-07-29,1
0.0015723270440251237,12.74,2010-07-30,1
0.029827315541601177,13.12,2010-08-02,1
0.018292682926829285,13.36,2010-08-03,1
0.0022455089820358804,13.33,2010-08-04,0
0.002250562640660117,13.3,2010-08-05,0
0.04135338345864667,12.75,2010-08-06,0
0.0007843137254901793,12.76,2010-08-09,1
0.03526645768025073,12.31,2010-08-10,0
0.0430544272948823,11.78,2010-08-11,0
0.01697792869269958,11.98,2010-08-12,1
0.019198664440734592,12.21,2010-08-13,1
0.010647010647010565,12.34,2010-08-16,1
0.01458670988654779,12.52,2010-08-17,1
0.0071884984025559,12.43,2010-08-18,0
0.03218020917135964,12.03,2010-08-19,0
0.020781379883624274,11.78,2010-08-20,0
0.011884550084889542,11.64,2010-08-23,0
0.007731958762886585,11.55,2010-08-24,0
0.011255411255411322,11.42,2010-08-25,0
0.0052539404553415495,11.36,2010-08-26,0
0.011443661971831056,11.49,2010-08-27,1
0.015665796344647494,11.31,2010-08-30,0
0.008841732979663982,11.41,2010-08-31,1
0.014899211218229617,11.58,2010-09-01,1
0.010362694300518067,11.7,2010-09-02,1
0.011965811965812015,11.84,2010-09-03,1
0.02027027027027029,12.08,2010-09-07,1
0.006622516556291397,12.0,2010-09-08,0
0.0,12.0,2010-09-09,0
0.006666666666666672,11.92,2010-09-10,0
0.011744966442953067,12.06,2010-09-13,1
0.01741293532338301,12.27,2010-09-14,1
0.006519967400163005,12.35,2010-09-15,1
0.01214574898785428,12.2,2010-09-16,0
0.010655737704918098,12.33,2010-09-17,1
0.01946472019464722,12.57,2010-09-20,1
0.004773269689737509,12.51,2010-09-21,0
0.01119104716227023,12.37,2010-09-22,0
0.010509296685529428,12.24,2010-09-23,0
0.007352941176470577,12.33,2010-09-24,1
0.014598540145985378,12.51,2010-09-27,1
0.008792965627497956,12.4,2010-09-28,0
0.0072580645161290204,12.31,2010-09-29,0
0.0016246953696183062,12.29,2010-09-30,0
0.0,12.29,2010-10-01,0
0.008950366151342653,12.4,2010-10-04,1
0.012903225806451623,12.56,2010-10-05,1
0.003980891719745138,12.61,2010-10-06,1
0.012688342585249814,12.77,2010-10-07,1
0.028974158183242053,13.14,2010-10-08,1
0.005327245053272472,13.07,2010-10-11,0
0.006120887528691665,13.15,2010-10-12,1
0.03041825095057037,13.55,2010-10-13,1
0.00295202952029514,13.59,2010-10-14,1
0.03679175864606328,14.09,2010-10-15,1
0.03122782114975156,13.65,2010-10-18,0
0.018315018315018316,13.4,2010-10-19,0
0.00373134328358201,13.45,2010-10-20,1
0.004460966542750834,13.39,2010-10-21,0
0.005974607916355494,13.47,2010-10-22,1
0.009651076466221159,13.6,2010-10-25,1
0.0022058823529411296,13.57,2010-10-26,0
0.02947678703021373,13.17,2010-10-27,0
0.018982536066818528,12.92,2010-10-28,0
0.0015479876160990381,12.9,2010-10-29,0
0.031007751937984523,13.3,2010-11-01,1
0.009022556390977385,13.42,2010-11-02,1
0.006706408345752597,13.33,2010-11-03,0
0.039009752438109495,13.85,2010-11-04,1
0.007220216606498169,13.95,2010-11-05,1
0.013620071684587778,13.76,2010-11-08,0
0.0159883720930233,13.98,2010-11-09,1
0.022889842632331923,14.3,2010-11-10,1
0.01048951048951039,14.45,2010-11-11,1
0.0020761245674740044,14.42,2010-11-12,0
0.03398058252427186,13.93,2010-11-15,0
0.012921751615218932,13.75,2010-11-16,0
0.010909090909090934,13.6,2010-11-17,0
0.01764705882352943,13.84,2010-11-18,1
0.01517341040462434,14.05,2010-11-19,1
0.00782918149466188,14.16,2010-11-22,1
0.03389830508474579,13.68,2010-11-23,0
0.004385964912280738,13.74,2010-11-24,1
0.032751091703056845,13.29,2010-11-26,0
0.0015048908954100508,13.27,2010-11-29,0
0.012057272042200463,13.11,2010-11-30,0
0.04500381388253241,13.7,2010-12-01,1
0.0,13.7,2010-12-02,0
0.034306569343065745,14.17,2010-12-03,1
0.009880028228652122,14.31,2010-12-06,1
0.00698812019566734,14.21,2010-12-07,0
0.0302603800140747,13.78,2010-12-08,0
0.015965166908563182,14.0,2010-12-09,1
0.0,14.0,2010-12-10,0
0.019999999999999955,13.72,2010-12-13,0
0.012390670553935855,13.55,2010-12-14,0
0.01771217712177123,13.31,2010-12-15,0
0.036063110443275766,12.83,2010-12-16,0
0.013250194855806698,13.0,2010-12-17,1
0.012307692307692318,12.84,2010-12-20,0
0.004672897196261721,12.78,2010-12-21,0
0.006259780907668238,12.86,2010-12-22,1
0.003888024883359309,12.91,2010-12-23,1
0.0,12.91,2010-12-27,0
0.016266460108443133,12.7,2010-12-28,0
0.006299212598425203,12.78,2010-12-29,1
0.0015649452269171635,12.8,2010-12-30,1
0.007812500000000111,12.7,2010-12-31,0
0.0023622047244095386,12.73,2011-01-03,1
0.011783189316575047,12.88,2011-01-04,1
0.00698757763975168,12.79,2011-01-05,0
0.014855355746677193,12.98,2011-01-06,1
0.006163328197226508,12.9,2011-01-07,0
0.03488372093023264,12.45,2011-01-10,0
0.028915662650602365,12.09,2011-01-11,0
0.02233250620347391,12.36,2011-01-12,1
0.015372168284789748,12.55,2011-01-13,1
0.007968127490039813,12.65,2011-01-14,1
0.00790513833992092,12.55,2011-01-18,0
0.022310756972111642,12.27,2011-01-19,0
0.02118989405052973,12.01,2011-01-20,0
0.0024979184013321698,11.98,2011-01-21,0
0.019198664440734592,11.75,2011-01-24,0
0.004255319148936231,11.7,2011-01-25,0
0.02905982905982905,12.04,2011-01-26,1
0.016611295681063065,11.84,2011-01-27,0
0.0033783783783783066,11.8,2011-01-28,0
0.02542372881355938,11.5,2011-01-31,0
0.011304347826087024,11.63,2011-02-01,1
0.015477214101461712,11.81,2011-02-02,1
0.01354784081287046,11.97,2011-02-03,1
0.010025062656641687,11.85,2011-02-04,0
0.0033755274261602656,11.81,2011-02-07,0
0.0,11.81,2011-02-08,0
0.012701100762066075,11.66,2011-02-09,0
0.014579759862778725,11.49,2011-02-10,0
0.013925152306353362,11.65,2011-02-11,1
0.025751072961373297,11.95,2011-02-14,1
0.003347280334727962,11.91,2011-02-15,0
0.018471872376154545,12.13,2011-02-16,1
0.04781533388293487,12.71,2011-02-17,1
0.03225806451612904,12.3,2011-02-18,0
0.008943089430894407,12.19,2011-02-22,0
0.010664479081214175,12.32,2011-02-23,1
0.011363636363636409,12.18,2011-02-24,0
0.0024630541871920658,12.15,2011-02-25,0
0.0,12.15,2011-02-28,0
0.01069958847736632,12.02,2011-03-01,0
0.0016638935108152725,12.04,2011-03-02,1
0.004983388704318978,12.1,2011-03-03,1
0.016528925619834652,11.9,2011-03-04,0
0.006722689075630258,11.82,2011-03-07,0
0.015228426395939063,12.0,2011-03-08,1
0.006666666666666672,11.92,2011-03-09,0
0.02684563758389264,11.6,2011-03-10,0
0.01810344827586199,11.39,2011-03-11,0
0.050921861281826165,10.81,2011-03-14,0
0.015726179463459753,10.64,2011-03-15,0
0.018796992481203107,10.44,2011-03-16,0
0.03544061302681985,10.07,2011-03-17,0
0.0009930486593842886,10.08,2011-03-18,1
0.059523809523809486,10.68,2011-03-21,1
0.05992509363295886,11.32,2011-03-22,1
0.01413427561837457,11.48,2011-03-23,1
0.015679442508710777,11.3,2011-03-24,0
0.001769911504424741,11.32,2011-03-25,1
0.05653710247349828,10.68,2011-03-28,0
0.019662921348314686,10.89,2011-03-29,1
0.010101010101010048,11.0,2011-03-30,1
0.027272727272727337,11.3,2011-03-31,1
0.007964601769911492,11.39,2011-04-01,1
0.009657594381035946,11.5,2011-04-04,1
0.0034782608695651434,11.46,2011-04-05,0
0.007853403141361244,11.55,2011-04-06,1
0.003463203463203389,11.59,2011-04-07,1
0.0034512510785158885,11.55,2011-04-08,0
0.004329004329004391,11.5,2011-04-11,0
0.006956521739130441,11.42,2011-04-12,0
0.000875656742556899,11.43,2011-04-13,1
0.0017497812773402952,11.45,2011-04-14,1
0.0017467248908298123,11.47,2011-04-15,1
0.010462074978204096,11.35,2011-04-18,0
0.0,11.35,2011-04-19,0
0.004405286343612398,11.4,2011-04-20,1
0.020175438596491267,11.63,2011-04-21,1
0.0275150472914874,11.95,2011-04-25,1
0.001673640167363981,11.93,2011-04-26,0
0.0016764459346185728,11.95,2011-04-27,1
0.008368200836820055,11.85,2011-04-28,0
0.005063291139240548,11.79,2011-04-29,0
0.00763358778625953,11.7,2011-05-02,0
0.014529914529914525,11.53,2011-05-03,0
0.02428447528187332,11.25,2011-05-04,0
0.017777777777777715,11.05,2011-05-05,0
0.013574660633484033,11.2,2011-05-06,1
0.00982142857142868,11.31,2011-05-09,1
0.0053050397877982955,11.37,2011-05-10,1
0.00615655233069468,11.3,2011-05-11,0
0.0026548672566372687,11.27,2011-05-12,0
0.019520851818988365,11.05,2011-05-13,0
0.003619909502262527,11.01,2011-05-16,0
0.008174386920980914,10.92,2011-05-17,0
0.0,10.92,2011-05-18,0
0.008241758241758228,10.83,2011-05-19,0
0.0046168051708218565,10.78,2011-05-20,0
0.004638218923933276,10.83,2011-05-23,1
0.0009233610341643386,10.82,2011-05-24,0
0.02587800369685761,11.1,2011-05-25,1
0.022522522522522525,11.35,2011-05-26,1
0.04405286343612335,11.85,2011-05-27,1
0.015189873417721496,11.67,2011-05-31,0
0.03341902313624683,11.28,2011-06-01,0
0.016843971631205632,11.09,2011-06-02,0
0.001803426510369664,11.07,2011-06-03,0
0.009936766034326958,10.96,2011-06-06,0
0.012773722627737115,11.1,2011-06-07,1
0.013513513513513545,11.25,2011-06-08,1
0.005333333333333377,11.19,2011-06-09,0
0.023235031277926702,10.93,2011-06-10,0
0.004574565416285355,10.88,2011-06-13,0
0.012867647058823418,11.02,2011-06-14,1
0.028130671506351974,10.71,2011-06-15,0
0.010270774976657276,10.82,2011-06-16,1
0.0,10.82,2011-06-17,0
0.0009242144177448971,10.81,2011-06-20,0
0.0018501387604071553,10.79,2011-06-21,0
0.01297497683039857,10.93,2011-06-22,1
0.0018298261665141422,10.95,2011-06-23,1
0.004566210045662165,11.0,2011-06-24,1
0.0,11.0,2011-06-27,0
0.007272727272727279,10.92,2011-06-28,0
0.013736263736263769,11.07,2011-06-29,1
0.02800361336946707,11.38,2011-06-30,1
0.019332161687170373,11.6,2011-07-01,1
0.031896551724138016,11.97,2011-07-05,1
0.004177109440267394,11.92,2011-07-06,0
0.030201342281879148,12.28,2011-07-07,1
0.006514657980456032,12.2,2011-07-08,0
0.02950819672131143,11.84,2011-07-11,0
0.0033783783783783066,11.8,2011-07-12,0
0.03220338983050839,12.18,2011-07-13,1
0.007389162561576343,12.09,2011-07-14,0
0.01654259718775842,12.29,2011-07-15,1
0.009764035801464543,12.17,2011-07-18,0
0.0057518488085456275,12.1,2011-07-19,0
0.06776859504132234,12.92,2011-07-20,1
0.00619195046439629,13.0,2011-07-21,1
0.004615384615384654,13.06,2011-07-22,1
0.0068912710566615505,13.15,2011-07-25,1
0.002281368821292862,13.12,2011-07-26,0
0.011432926829268185,12.97,2011-07-27,0
0.019275250578257516,12.72,2011-07-28,0
0.009433962264151021,12.6,2011-07-29,0
0.029365079365079445,12.97,2011-08-01,1
0.0077101002313031165,12.87,2011-08-02,0
0.010101010101010024,12.74,2011-08-03,0
0.0023547880690737333,12.77,2011-08-04,1
0.025058731401722812,12.45,2011-08-05,0
0.10200803212851403,11.18,2011-08-08,0
0.055456171735241595,11.8,2011-08-09,1
0.00423728813559328,11.75,2011-08-10,0
0.024680851063829716,12.04,2011-08-11,1
0.0016611295681064244,12.06,2011-08-12,1
0.03648424543946928,12.5,2011-08-15,1
0.0064000000000000055,12.42,2011-08-16,0
0.010466988727858357,12.55,2011-08-17,1
0.07808764940239046,11.57,2011-08-18,0
0.014693171996542777,11.74,2011-08-19,1
0.03321976149914826,12.13,2011-08-22,1
0.04286892003297606,12.65,2011-08-23,1
0.025296442687747056,12.97,2011-08-24,1
0.0038550501156515583,12.92,2011-08-25,0
0.0,12.92,2011-08-26,0
0.0046439628482972525,12.86,2011-08-29,0
0.0007776049766718341,12.87,2011-08-30,1
0.02952602952602959,13.25,2011-08-31,1
0.007547169811320728,13.35,2011-09-01,1
0.002996254681648009,13.39,2011-09-02,1
0.07692307692307701,12.36,2011-09-06,0
0.0323624595469256,12.76,2011-09-07,1
0.0047021943573668104,12.82,2011-09-08,1
0.02496099843993762,12.5,2011-09-09,0
0.031200000000000047,12.89,2011-09-12,1
0.008533747090767993,13.0,2011-09-13,1
0.006923076923076912,13.09,2011-09-14,1
0.023682200152788425,13.4,2011-09-15,1
0.007462686567164152,13.3,2011-09-16,0
0.02406015037593987,12.98,2011-09-19,0
0.0038520801232664816,13.03,2011-09-20,1
0.008442056792018376,12.92,2011-09-21,0
0.029411764705882415,12.54,2011-09-22,0
0.03508771929824558,12.1,2011-09-23,0
0.04132231404958678,11.6,2011-09-26,0
0.10258620689655168,12.79,2011-09-27,1
0.01798279906176704,13.02,2011-09-28,1
0.01843317972350232,13.26,2011-09-29,1
0.0015082956259426527,13.24,2011-09-30,0
0.05815709969788516,12.47,2011-10-03,0
0.03287890938251805,12.06,2011-10-04,0
0.032338308457711344,12.45,2011-10-05,1
0.0016064257028113535,12.47,2011-10-06,1
0.01764234161988764,12.69,2011-10-07,1
0.036249014972419294,13.15,2011-10-10,1
0.013688212927756632,13.33,2011-10-11,1
0.024006001500375115,13.65,2011-10-12,1
0.003663003663003585,13.7,2011-10-13,1
0.01459854014598535,13.5,2011-10-14,0
0.031111111111111107,13.08,2011-10-17,0
0.0,13.08,2011-10-18,0
0.006116207951070342,13.16,2011-10-19,1
0.022036474164133808,12.87,2011-10-20,0
0.020979020979021084,13.14,2011-10-21,1
0.01598173515981728,13.35,2011-10-24,1
0.011235955056179803,13.5,2011-10-25,1
0.06444444444444439,14.37,2011-10-26,1
0.006958942240779377,14.27,2011-10-27,0
0.02242466713384725,13.95,2011-10-28,0
0.03942652329749097,13.4,2011-10-31,0
0.0037313432835821424,13.35,2011-11-01,0
0.07940074906367045,14.41,2011-11-02,1
0.050659264399722445,15.14,2011-11-03,1
0.02377807133421408,14.78,2011-11-04,0
0.012855209742895772,14.59,2011-11-07,0
0.008910212474297395,14.46,2011-11-08,0
0.006915629322268424,14.36,2011-11-09,0
0.004178272980501428,14.42,2011-11-10,1
0.010402219140083243,14.27,2011-11-11,0
0.015416958654519893,14.05,2011-11-14,0
0.0028469750889679106,14.09,2011-11-15,1
0.02413058907026259,13.75,2011-11-16,0
0.01818181818181818,13.5,2011-11-17,0
0.018518518518518517,13.25,2011-11-18,0
0.013584905660377337,13.43,2011-11-21,1
0.002978406552494352,13.39,2011-11-22,0
0.018670649738610903,13.14,2011-11-23,0
0.018264840182648418,12.9,2011-11-25,0
0.04573643410852712,13.49,2011-11-28,1
0.024462564862861382,13.82,2011-11-29,1
0.03762662807525322,14.34,2011-11-30,1
0.006973500697350045,14.24,2011-12-01,0
0.014747191011236015,14.03,2011-12-02,0
0.022095509622238097,14.34,2011-12-05,1
0.01394700139470009,14.14,2011-12-06,0
0.010608203677510633,13.99,2011-12-07,0
0.0021443888491779386,13.96,2011-12-08,0
0.0014326647564469608,13.98,2011-12-09,1
0.009298998569384891,13.85,2011-12-12,0
0.0,13.85,2011-12-13,0
0.0064981949458483654,13.94,2011-12-14,1
0.005021520803443349,14.01,2011-12-15,1
0.005710206995003574,14.09,2011-12-16,1
0.007806955287437859,13.98,2011-12-19,0
0.00786838340486405,14.09,2011-12-20,1
0.03619588360539388,13.58,2011-12-21,0
0.009572901325478703,13.71,2011-12-22,1
0.013129102844638928,13.89,2011-12-23,1
0.000719942404607616,13.9,2011-12-27,1
0.028776978417266213,13.5,2011-12-28,0
0.011851851851851862,13.34,2011-12-29,0
0.014242878560719603,13.15,2011-12-30,0
0.022813688212927674,13.45,2012-01-03,1
0.0014869888475837435,13.47,2012-01-04,1
0.028953229398663606,13.86,2012-01-05,1
0.03607503607503608,14.36,2012-01-06,1
0.06197771587743737,15.25,2012-01-09,1
0.007213114754098323,15.14,2012-01-10,0
0.01585204755614268,14.9,2012-01-11,0
0.0,14.9,2012-01-12,0
0.02550335570469792,15.28,2012-01-13,1
0.008507853403141297,15.15,2012-01-17,0
0.004620462046204639,15.22,2012-01-18,1
0.06636005256241785,16.23,2012-01-19,1
0.06715958102279727,15.14,2012-01-20,0
0.0072655217965653515,15.25,2012-01-23,1
0.0032786885245902103,15.2,2012-01-24,0
0.009868421052631603,15.35,2012-01-25,1
0.016938110749185654,15.61,2012-01-26,1
0.024983984625240156,15.22,2012-01-27,0
0.0006570302233902619,15.21,2012-01-30,0
0.04602235371466136,15.91,2012-01-31,1
0.006285355122564514,16.01,2012-02-01,1
0.003123048094940706,15.96,2012-02-02,0
0.00877192982456144,16.1,2012-02-03,1
0.0006211180124224573,16.09,2012-02-06,0
0.005593536357986318,16.0,2012-02-07,0
0.007500062500000126,16.120001000000002,2012-02-08,1
0.05086848319674423,16.940001000000002,2012-02-09,1
0.017709503086805963,17.24,2012-02-10,1
0.023781902552204186,17.65,2012-02-13,1
0.03286118980169962,17.07,2012-02-14,0
0.024018746338605748,17.48,2012-02-15,1
0.02688792906178489,17.950001,2012-02-16,1
0.008913648528487556,18.110001,2012-02-17,1
0.01877415688712551,18.450001,2012-02-21,1
0.009214091641512741,18.280001,2012-02-22,0
0.024617121191623587,17.83,2012-02-23,0
0.005047672462142449,17.74,2012-02-24,0
0.009582863585118274,17.57,2012-02-27,0
0.0017073989755264718,17.540001,2012-02-28,0
0.0017103191727298138,17.57,2012-02-29,1
0.0,17.57,2012-03-01,0
0.009675583380762761,17.4,2012-03-02,0
0.011494195402298752,17.200001,2012-03-05,0
0.006395406604918248,17.09,2012-03-06,0
0.0005851375073143104,17.1,2012-03-07,1
0.029824619883040877,17.610001,2012-03-08,1
0.012493014622770374,17.389999,2012-03-09,0
0.011500748217409169,17.190001000000002,2012-03-12,0
0.018615414856578496,17.51,2012-03-13,1
0.0022843517989719086,17.549999,2012-03-14,1
0.0056980630027385695,17.65,2012-03-15,1
0.003966005665722396,17.58,2012-03-16,0
0.017064789533560647,17.280001000000002,2012-03-19,0
0.009837962393636534,17.110001,2012-03-20,0
0.0035068379014122075,17.049999,2012-03-21,0
0.009970675071593738,17.219998999999998,2012-03-22,1
0.00406498281445889,17.15,2012-03-23,0
0.04431486880466482,17.91,2012-03-26,1
0.0044667783361249744,17.99,2012-03-27,1
0.03279599777654252,18.58,2012-03-28,1
0.0026910118406888958,18.530001,2012-03-29,0
0.029681649774330732,17.98,2012-03-30,0
0.019466073414905333,18.33,2012-04-02,1
0.006546699399891,18.450001,2012-04-03,1
0.009214091641512741,18.280001,2012-04-04,0
0.057439767098481,19.33,2012-04-05,1
0.009311950336264859,19.15,2012-04-09,0
0.026109660574412535,18.65,2012-04-10,0
0.017158123324396934,18.969999,2012-04-11,1
0.00948871953024337,19.15,2012-04-12,1
0.014621357702349876,18.870001,2012-04-13,0
0.023847322530613637,19.32,2012-04-16,1
0.019668788819875778,19.700001,2012-04-17,1
0.017766547321495005,19.35,2012-04-18,0
0.013953488372093184,19.08,2012-04-19,0
0.0,19.08,2012-04-20,0
0.020440199161425553,18.690001,2012-04-23,0
0.01391118170619689,18.950001,2012-04-24,1
0.002110870601009476,18.91,2012-04-25,0
0.023268112109994778,19.35,2012-04-26,1
0.03100775193798457,18.75,2012-04-27,0
0.013333333333333334,19.0,2012-04-30,1
0.014210526315789451,19.27,2012-05-01,1
0.006227296315516399,19.15,2012-05-02,0
0.009921723237597846,18.959999,2012-05-03,0
0.026898735595924955,19.469999,2012-05-04,1
0.010785773538046911,19.26,2012-05-07,0
0.05192107995846313,18.26,2012-05-08,0
0.019715224534501804,17.9,2012-05-09,0
0.021787765363128583,18.290001,2012-05-10,1
0.0076544008936904676,18.43,2012-05-11,1
0.0488333695062397,17.530001000000002,2012-05-14,0
0.008556873442277851,17.379998999999998,2012-05-15,0
0.029343960261447425,16.870001000000002,2012-05-16,0
0.010077059272255034,16.700001,2012-05-17,0
0.0017963471978235275,16.73,2012-05-18,1
0.007172743574417274,16.85,2012-05-21,1
0.04213643916913924,17.559998999999998,2012-05-22,1
0.010250570059827437,17.379998999999998,2012-05-23,0
0.016110415196226226,17.1,2012-05-24,0
0.02163742690058485,16.73,2012-05-25,0
0.02092050209205008,17.08,2012-05-29,1
0.01873536299765789,16.76,2012-05-30,0
0.008949880668257672,16.91,2012-05-31,1
0.017149674748669436,17.200001,2012-06-01,1
0.01802337104515289,16.889999,2012-06-04,0
0.005328597118330194,16.799999,2012-06-05,0
0.03214291857993564,17.34,2012-06-06,1
0.040945732410611294,18.049999,2012-06-07,1
0.028808755058656654,17.530001000000002,2012-06-08,0
0.007415801060136731,17.66,2012-06-11,1
0.04586630804077017,18.469999,2012-06-12,1
0.002707146870987821,18.52,2012-06-13,1
0.004319654427645888,18.6,2012-06-14,1
0.005376397849462306,18.700001,2012-06-15,1
0.008556149275072238,18.540001,2012-06-18,0
0.032362349926518305,19.139999,2012-06-19,1
0.00417972853603607,19.219999,2012-06-20,1
0.09989594692486725,17.299999,2012-06-21,0
0.0034681504894885397,17.24,2012-06-22,0
0.05974483758700688,16.209999,2012-06-25,0
0.027143801797890225,16.65,2012-06-26,1
0.009008948948949016,16.799999,2012-06-27,1
0.011904703089565557,16.6,2012-06-28,0
0.04216861445783122,17.299999,2012-06-29,1
0.03583809455711529,16.68,2012-07-02,0
0.022781834532374104,16.299999,2012-07-03,0
0.05828215081485588,15.35,2012-07-05,0
0.0553745928338762,14.5,2012-07-06,0
0.0,14.5,2012-07-09,0
0.02689655172413797,14.89,2012-07-10,1
0.019476158495634596,15.18,2012-07-11,1
0.02042160737812915,15.49,2012-07-12,1
0.018721755971594638,15.2,2012-07-13,0
0.0006578947368422081,15.21,2012-07-16,1
0.0006574621959238371,15.2,2012-07-17,0
0.03289473684210526,14.7,2012-07-18,0
0.03061224489795926,15.15,2012-07-19,1
0.00330033003300323,15.2,2012-07-20,1
0.02960526315789469,14.75,2012-07-23,0
0.02440677966101691,14.39,2012-07-24,0
0.038915913829047986,13.83,2012-07-25,0
0.005061460592913976,13.9,2012-07-26,1
0.043884892086330896,14.51,2012-07-27,1
0.035148173673328724,14.0,2012-07-30,0
0.01071428571428574,13.85,2012-07-31,0
0.0743682310469315,14.88,2012-08-01,1
0.01612903225806453,14.64,2012-08-02,0
0.04713114754098357,15.33,2012-08-03,1
0.004566210045662119,15.4,2012-08-06,1
0.03571428571428564,15.95,2012-08-07,1
0.01880877742946702,15.65,2012-08-08,0
0.015335463258785955,15.89,2012-08-09,1
0.0006293266205160344,15.9,2012-08-10,1
0.013836477987421424,15.68,2012-08-13,0
0.011479591836734675,15.86,2012-08-14,1
0.003783102143757913,15.92,2012-08-15,1
0.07035182160804021,17.040001,2012-08-16,1
0.044014081924056224,17.790001,2012-08-17,1
0.02698156115899052,17.309998999999998,2012-08-20,0
0.017908666545850046,17.0,2012-08-21,0
0.027646999999999873,16.530001000000002,2012-08-22,0
0.004839685127665863,16.450001,2012-08-23,0
0.0018236473055533618,16.48,2012-08-24,1
0.010922330097087362,16.66,2012-08-27,1
0.021608703481392585,16.299999,2012-08-28,0
0.0018405522601564952,16.33,2012-08-29,1
0.004898958971218512,16.25,2012-08-30,0
0.006769292307692336,16.360001,2012-08-31,1
0.022616074412220386,16.73,2012-09-04,1
0.05080693365212192,15.88,2012-09-05,0
0.04722915617128445,16.629998999999998,2012-09-06,1
0.0048105835724944,16.549999,2012-09-07,0
0.01631407953559378,16.280001000000002,2012-09-10,0
0.011056571802421923,16.1,2012-09-11,0
0.01863354037267085,15.8,2012-09-12,0
0.02215189873417708,16.15,2012-09-13,1
0.014241424148606775,16.379998999999998,2012-09-14,1
0.008546948018739169,16.24,2012-09-17,0
0.0036945197044335747,16.299999,2012-09-18,1
0.00858908028153883,16.440001000000002,2012-09-19,1
0.023114475479655054,16.059998999999998,2012-09-20,0
0.0018678706019841927,16.030001000000002,2012-09-21,0
0.03493443325424606,16.59,2012-09-24,1
0.011452682338758366,16.4,2012-09-25,0
0.010975670731707363,16.219998999999998,2012-09-26,0
0.02712706702386371,16.66,2012-09-27,1
0.014405762304921875,16.42,2012-09-28,0
0.009744214372715991,16.58,2012-10-01,1
0.00844384800964994,16.440001000000002,2012-10-02,0
0.0006082724690830621,16.450001,2012-10-03,1
0.015197567465193467,16.700001,2012-10-04,1
0.009580837749650442,16.860001,2012-10-05,1
0.02491103055094707,16.440001000000002,2012-10-08,0
0.023722747948738115,16.049999,2012-10-09,0
0.011214891664479261,15.87,2012-10-10,0
0.013232514177693704,16.08,2012-10-11,1
0.006840796019900353,15.97,2012-10-12,0
0.0012523481527865591,15.95,2012-10-15,0
0.030721065830721192,16.440001000000002,2012-10-16,1
0.0006082724690830621,16.450001,2012-10-17,1
0.0006077811180679872,16.459999,2012-10-18,1
0.01944107043991924,16.139999,2012-10-19,0
0.002478252941651243,16.1,2012-10-22,0
0.0062111801242236905,16.0,2012-10-23,0
0.013749937499999865,16.219998999999998,2012-10-24,1
0.0012329223941380959,16.200001,2012-10-25,0
0.009259382144482622,16.049999,2012-10-26,0
0.0031152026863054435,16.0,2012-10-31,0
0.04062499999999991,16.65,2012-11-01,1
0.003603603603603527,16.59,2012-11-02,0
0.0018083785412900642,16.559998999999998,2012-11-05,0
0.04468599303659391,17.299999,2012-11-06,1
0.005202312439440017,17.209999,2012-11-07,0
0.015688437866846913,16.940001000000002,2012-11-08,0
0.06257372712079519,18.0,2012-11-09,1
0.013888888888888888,17.75,2012-11-12,0
0.003380225352112346,17.690001000000006,2012-11-13,0
0.0005653476220835793,17.68,2012-11-14,0
0.01414027149321267,17.93,2012-11-15,1
0.0039040713887339815,18.0,2012-11-16,1
0.005555555555555635,17.9,2012-11-19,0
0.016759832402234734,18.200001,2012-11-20,1
0.022527471289699386,17.790001,2012-11-21,0
0.03597520877036486,18.43,2012-11-23,1
0.0010852414541508736,18.450001,2012-11-26,1
0.010840162014083377,18.25,2012-11-27,0
0.008219178082191704,18.4,2012-11-28,1
0.017934782608695753,18.73,2012-11-29,1
0.010144153764015017,18.92,2012-11-30,1
0.025369926004228483,18.440001,2012-12-03,0
0.014099782315630112,18.700001,2012-12-04,1
0.0026738501243931344,18.65,2012-12-05,0
0.0042895442359248415,18.57,2012-12-06,0
0.010231556273559574,18.76,2012-12-07,1
0.02931764392324092,19.309999,2012-12-10,1
0.0015534956785861372,19.280001,2012-12-11,0
0.006224014199999262,19.4,2012-12-12,1
0.025257731958762807,18.91,2012-12-13,0
0.009518773135906912,19.09,2012-12-14,1
0.009429020429544249,18.91,2012-12-17,0
0.001586515071390725,18.879999,2012-12-18,0
0.0015889301689052053,18.85,2012-12-19,0
0.003182970822281233,18.790001,2012-12-20,0
0.020755773243439506,18.4,2012-12-21,0
0.01630440217391314,18.700001,2012-12-24,1
0.004278074637536025,18.780001,2012-12-26,1
0.0042598506783893065,18.860001,2012-12-27,1
0.019088068977302836,18.5,2012-12-28,0
0.010810864864864883,18.299999,2012-12-31,0
0.027322405864612345,18.799999,2013-01-02,1
0.0,18.799999,2013-01-03,0
0.031382980392711715,19.389999,2013-01-04,1
0.00773589519009264,19.24,2013-01-07,0
0.0010395530145528612,19.219999,2013-01-08,0
0.013527628175214735,19.48,2013-01-09,1
0.018480492813141656,19.84,2013-01-10,1
0.010080695564516145,20.040001,2013-01-11,1
0.000997904141821204,20.059999,2013-01-14,1
0.017946062709175654,19.700001,2013-01-15,0
0.023857816047826667,20.17,2013-01-16,1
0.008428358948934145,20.0,2013-01-17,0
0.005500050000000023,19.889999,2013-01-18,0
0.008044243742797582,20.049999,2013-01-22,1
0.02493765710412255,20.549999,2013-01-23,1
0.053528031801850645,21.65,2013-01-24,1
0.015242494226327867,21.32,2013-01-25,0
0.015478424015009467,20.99,2013-01-28,0
0.053358789899952457,22.110001,2013-01-29,1
0.013116191175206102,22.4,2013-01-30,1
0.06249999999999994,21.0,2013-01-31,0
0.020476190476190464,21.43,2013-02-01,1
0.014932291180587927,21.110001,2013-02-04,0
0.006158265932815448,20.98,2013-02-05,0
0.06959013346043844,22.440001,2013-02-06,1
0.02317281536663038,22.959999,2013-02-07,1
0.01088850221639818,22.709999,2013-02-08,0
0.0008805812805188178,22.690001,2013-02-11,0
0.002644292523389543,22.75,2013-02-12,1
0.0008791208791208604,22.77,2013-02-13,1
0.02239789196310927,22.26,2013-02-14,0
0.02201257861635213,22.75,2013-02-15,1
0.00879125274725276,22.549999,2013-02-19,0
0.019955610641046957,22.1,2013-02-20,0
0.0,22.1,2013-02-21,0
0.0067872850678733524,21.950001,2013-02-22,0
0.013667470903532156,21.65,2013-02-25,0
0.013856812933025273,21.35,2013-02-26,0
0.03044496487119431,22.0,2013-02-27,1
0.01727268181818189,22.379999,2013-02-28,1
0.036639948017870724,23.200001,2013-03-01,1
0.0400862482721445,22.27,2013-03-04,0
0.00718450830713961,22.110001,2013-03-05,0
0.0018091812840714107,22.07,2013-03-06,0
0.00860897145446313,22.26,2013-03-07,1
0.00808629829290194,22.440001,2013-03-08,1
0.02852058696432318,21.799999,2013-03-11,0
0.010091697710628398,21.58,2013-03-12,0
0.03243748841519911,20.879999,2013-03-13,0
0.0062260060453068755,20.75,2013-03-14,0
0.03855416867469878,19.950001,2013-03-15,0
0.02756897104917447,19.4,2013-03-18,0
0.018041237113402137,19.75,2013-03-19,1
0.020253164556961953,20.15,2013-03-20,1
0.009429280397022396,20.34,2013-03-21,1
0.03490653883972467,21.049999,2013-03-22,1
0.016152019769692143,20.709999,2013-03-25,0
0.01062283972104496,20.49,2013-03-26,0
0.0024401659346022296,20.440001,2013-03-27,0
0.016634098990503835,20.1,2013-03-28,0
0.008955223880597,19.92,2013-04-01,0
0.02208835341365468,19.48,2013-04-02,0
0.003593377823408586,19.549999,2013-04-03,1
0.0,19.549999,2013-04-04,0
0.035805577279057574,18.85,2013-04-05,0
0.014323660477453422,19.120001,2013-04-08,1
0.0031380228484298328,19.18,2013-04-09,1
0.02189781021897819,19.6,2013-04-10,1
0.07244897959183681,18.18,2013-04-11,0
0.04950489548954882,17.280001000000002,2013-04-12,0
0.027777891911001766,16.799999,2013-04-15,0
0.04702387184665905,17.59,2013-04-16,1
0.03069931779420126,17.049999,2013-04-17,0
0.02463343252982019,16.629998999999998,2013-04-18,0
0.08177998086470123,17.99,2013-04-19,1
0.001111728738188056,18.01,2013-04-22,1
0.021654636313159187,18.4,2013-04-23,1
0.0038042934782610226,18.469999,2013-04-24,1
0.0021656200414521772,18.43,2013-04-25,0
0.016277862181226163,18.129999,2013-04-26,0
0.025923939653830087,18.6,2013-04-29,1
0.01236553763440876,18.370001,2013-04-30,0
0.00925421833128905,18.200001,2013-05-01,0
0.020879174676968426,17.82,2013-05-02,0
0.001122334455667765,17.84,2013-05-03,1
0.0016816704035877645,17.870001000000006,2013-05-06,1
0.01398992646950607,17.620001000000006,2013-05-07,0
0.014755844792516685,17.879998999999994,2013-05-08,1
0.00559272961927955,17.780001000000006,2013-05-09,0
0.003937120138520008,17.709999,2013-05-10,0
0.02710327651627758,17.23,2013-05-13,0
0.0034823563551944136,17.290001,2013-05-14,1
0.009832156747706357,17.459999,2013-05-15,1
0.025200516907246027,17.9,2013-05-16,1
0.00558659217877103,18.0,2013-05-17,1
0.03388894444444447,18.610001,2013-05-20,1
0.015045566091049596,18.889999,2013-05-21,1
0.019587031211595086,18.52,2013-05-22,0
0.04103677105831528,19.280001,2013-05-23,1
0.031120226601648152,19.879999,2013-05-24,1
0.016096680890175033,20.200001,2013-05-28,1
0.026732721448875185,19.66,2013-05-29,0
0.01373346897253304,19.93,2013-05-30,1
0.022578976417461205,20.379999,2013-05-31,1
0.004906673449787849,20.280001,2013-06-03,0
0.03205123116118195,20.93,2013-06-04,1
0.02054467271858575,20.5,2013-06-05,0
0.017561024390243925,20.139999,2013-06-06,0
0.0014894737581664767,20.110001,2013-06-07,0
0.02237682633630902,20.559999,2013-06-10,1
0.032101120238381464,19.9,2013-06-11,0
0.00502517587939693,19.799999,2013-06-12,0
0.01262626326395269,19.549999,2013-06-13,0
0.014322200221084417,19.27,2013-06-14,0
0.0,19.27,2013-06-17,0
0.006746289569278674,19.139999,2013-06-18,0
0.022988402454984413,18.700001,2013-06-19,0
0.0379679658840661,17.99,2013-06-20,0
0.020011117287382047,18.35,2013-06-21,1
0.042506811989100876,17.57,2013-06-24,0
0.014228799089356857,17.82,2013-06-25,1
0.026935970819304118,18.299999,2013-06-26,1
0.004371584938338076,18.379999,2013-06-27,1
0.0157779660379743,18.09,2013-06-28,0
0.0038695411829740346,18.16,2013-07-01,1
0.007158535242290833,18.030001,2013-07-02,0
0.009428729371673255,17.860001,2013-07-03,0
0.02407620245933921,17.43,2013-07-05,0
0.02868617326448652,17.93,2013-07-08,1
0.003346346904629042,17.99,2013-07-09,1
0.011117231795441817,17.790001,2013-07-10,0
0.043282628258424556,18.559999,2013-07-11,1
0.0032327049155552886,18.5,2013-07-12,0
0.010810864864864883,18.700001,2013-07-15,1
0.01657764617231843,18.389999,2013-07-16,0
0.0092441549344294,18.559999,2013-07-17,1
0.01077575489093511,18.360001,2013-07-18,0
0.009803975500872834,18.18,2013-07-19,0
0.008800880088008809,18.02,2013-07-22,0
0.01720310765815753,18.33,2013-07-23,1
0.007637697763229654,18.190001,2013-07-24,0
0.011544749227886234,18.4,2013-07-25,1
0.0027174456521740077,18.450001,2013-07-26,1
0.002709972752846988,18.5,2013-07-29,1
0.008648648648648656,18.34,2013-07-30,0
0.0,18.34,2013-07-31,0
0.013631406761177753,18.59,2013-08-01,1
0.0005379236148467759,18.6,2013-08-02,1
0.0010753225806450026,18.620001,2013-08-05,1
0.024167506757921325,19.07,2013-08-06,1
0.006816937598322052,18.940001,2013-08-07,0
0.020591287191589883,19.33,2013-08-08,1
0.015519865494050867,19.629999,2013-08-09,1
0.00916963877583487,19.809999,2013-08-12,1
0.009591015123221499,19.620001,2013-08-13,0
0.0,19.620001,2013-08-14,0
0.010193628430498135,19.82,2013-08-15,1
0.029263370332996887,20.4,2013-08-16,1
0.0313725490196077,19.76,2013-08-19,0
0.03491902834008103,19.07,2013-08-20,0
0.008914525432616765,18.9,2013-08-21,0
0.025396772486772645,19.379999,2013-08-22,1
0.007223890981625081,19.24,2013-08-23,0
0.01091470893970893,19.030001,2013-08-26,0
0.010509668391504648,19.23,2013-08-27,1
0.0020800312012481366,19.190001,2013-08-28,0
0.01198535633218586,19.42,2013-08-29,1
0.0025746138002061395,19.370001,2013-08-30,0
0.017036653741009197,19.700001,2013-09-03,1
0.003553400834852688,19.629999,2013-09-04,0
0.008150891907839559,19.790001,2013-09-05,1
0.004547751159790232,19.700001,2013-09-06,0
0.04416238354505667,20.57,2013-09-09,1
0.030627175498298496,21.200001,2013-09-10,1
0.016509480353326347,20.85,2013-09-11,0
0.01870508393285379,20.459999,2013-09-12,0
0.011730303603631677,20.700001,2013-09-13,1
0.009178646899582237,20.889999,2013-09-16,1
0.00957400716007695,21.09,2013-09-17,1
0.016595590327169223,21.440001,2013-09-18,1
0.015858254857357392,21.1,2013-09-19,0
0.002369715639810509,21.049999,2013-09-20,0
0.018052209883715337,20.67,2013-09-23,0
0.030478906627963133,21.299999,2013-09-24,1
0.0032863381824571568,21.23,2013-09-25,0
0.007536457842675417,21.389999,2013-09-26,1
0.0018699860621778487,21.35,2013-09-27,0
0.013114754098360708,21.07,2013-09-30,0
0.0037968675842429186,21.15,2013-10-01,1
0.0037825059101654042,21.07,2013-10-02,0
0.005695253915519695,20.950001,2013-10-03,0
0.015274414545373972,21.27,2013-10-04,1
0.006582087447108512,21.129999,2013-10-07,0
0.003312825523560142,21.059999,2013-10-08,0
0.0014245489755245768,21.09,2013-10-09,1
0.020863015647226115,21.530001,2013-10-10,1
0.009289316800310499,21.73,2013-10-11,1
0.0013805798435343366,21.76,2013-10-14,1
0.0133272518382353,21.469999,2013-10-15,0
0.004657708647308223,21.57,2013-10-16,1
0.016689893370421902,21.209999,2013-10-17,0
0.01084389490070223,20.98,2013-10-18,0
0.00905624404194477,21.17,2013-10-21,1
0.01889466225791207,21.57,2013-10-22,1
0.014835419564209563,21.25,2013-10-23,0
0.01129411764705875,21.01,2013-10-24,0
0.003331699190861628,20.940001,2013-10-25,0
0.010983858119204434,20.709999,2013-10-28,0
0.013520087567362926,20.99,2013-10-29,1
0.0057170557408290626,21.110001,2013-10-30,1
0.014684935353626995,21.42,2013-10-31,1
0.01914098972922486,21.83,2013-11-01,1
0.003664681630783248,21.75,2013-11-04,0
0.0018391264367816173,21.790001,2013-11-05,1
0.0018357502599472195,21.75,2013-11-06,0
0.013793057471264353,22.049999,2013-11-07,1
0.0158730619443565,22.4,2013-11-08,1
0.01473214285714294,22.73,2013-11-11,1
0.005719357677078752,22.860001,2013-11-12,1
0.002624759290255533,22.799999,2013-11-13,0
0.005701798495692918,22.93,2013-11-14,1
0.030091626689925807,23.620001,2013-11-15,1
0.04064347838088576,24.58,2013-11-18,1
0.02603738812042309,23.940001,2013-11-19,0
0.025480408292380626,23.33,2013-11-20,0
0.006858122588941284,23.49,2013-11-21,1
0.004682886334610341,23.379999,2013-11-22,0
0.011120616386681539,23.639999,2013-11-25,1
0.008883291407922728,23.85,2013-11-26,1
0.00461211740041922,23.959999,2013-11-27,1
0.010016694908877018,23.719999,2013-11-29,0
0.003794266601781891,23.809999,2013-12-02,1
0.020579547273395556,23.32,2013-12-03,0
0.009434005145797593,23.540001,2013-12-04,1
0.002548810426983467,23.6,2013-12-05,1
0.02754237288135587,24.25,2013-12-06,1
0.007422680412371123,24.43,2013-12-09,1
0.0020466639377814456,24.48,2013-12-10,1
0.015522875816993423,24.1,2013-12-11,0
0.00539423236514523,23.969999,2013-12-12,0
0.005006216312316073,23.85,2013-12-13,0
0.013836477987421311,24.18,2013-12-16,1
0.007030603804797424,24.35,2013-12-17,1
0.011498932238193023,24.629999,2013-12-18,1
0.01624031734633855,24.23,2013-12-19,0
0.022699133305819262,23.68,2013-12-20,0
0.012668918918918949,23.98,2013-12-23,1
0.014178482068390319,24.32,2013-12-24,1
0.005345353618421115,24.190001,2013-12-26,0
0.0016535344500399846,24.23,2013-12-27,1
0.0008254230293024999,24.25,2013-12-30,1
0.007422680412371123,24.43,2013-12-31,1
0.0049120343839540925,24.309999,2014-01-02,0
0.00946108636203576,24.08,2014-01-03,0
0.019933554817275618,23.6,2014-01-06,0
0.016101737288135593,23.219999,2014-01-07,0
0.003014599613031973,23.15,2014-01-08,0
0.00431965442764585,23.25,2014-01-09,1
0.03010756989247313,23.950001,2014-01-10,1
0.022129393648042023,24.48,2014-01-13,1
0.0012254901960784778,24.51,2014-01-14,1
0.04732762137902897,25.67,2014-01-15,1
0.04402021815348648,26.799999,2014-01-16,1
0.0365671282301167,25.82,2014-01-17,0
0.03950426026336172,26.84,2014-01-21,1
0.01266766020864381,26.5,2014-01-22,0
0.03773584905660377,27.5,2014-01-23,1
0.04181818181818177,26.35,2014-01-24,0
0.03681218216318785,25.379999,2014-01-27,0
0.05988971867177761,26.9,2014-01-28,1
0.035687769516728696,27.860001,2014-01-29,1
0.0344580389641767,26.9,2014-01-30,0
0.0059479553903345785,26.74,2014-01-31,0
0.05048620044876585,25.389999,2014-02-03,0
0.11106731433900409,22.57,2014-02-04,0
0.01905188303057159,22.139999,2014-02-05,0
0.021680308115641693,22.620001,2014-02-06,1
0.02343063556893736,22.09,2014-02-07,0
0.014033499320959653,22.4,2014-02-10,1
0.0053570982142857135,22.280001,2014-02-11,0
0.009874281423955116,22.5,2014-02-12,1
0.004888933333333354,22.610001,2014-02-13,1
0.004422733108238225,22.709999,2014-02-14,1
0.02465869769523113,22.15,2014-02-18,0
0.013544018058690618,21.85,2014-02-19,0
0.04164755148741431,20.940001,2014-02-20,0
0.02913089641208711,20.33,2014-02-21,0
0.0024593703885882777,20.280001,2014-02-24,0
0.014792947988513324,19.98,2014-02-25,0
0.01801801801801799,20.34,2014-02-26,1
0.049164208456243856,21.34,2014-02-27,1
0.009372118088097485,21.540001,2014-02-28,1
0.006963787977539953,21.690001,2014-03-03,1
0.005071507373374509,21.58,2014-03-04,0
0.024096431881371505,21.059999,2014-03-05,0
0.018518614364606525,21.450001,2014-03-06,1
0.009324055509368056,21.25,2014-03-07,0
0.004705882352941244,21.15,2014-03-10,0
0.0411347517730497,22.02,2014-03-11,1
0.015440508628519522,21.68,2014-03-12,0
0.017527721402214026,21.299999,2014-03-13,0
0.007981221031982122,21.129999,2014-03-14,0
0.012778088631239264,21.4,2014-03-17,1
0.01915883177570106,21.809999,2014-03-18,1
0.0013754241804413943,21.780001,2014-03-19,0
0.001836593120450278,21.74,2014-03-20,0
0.0027598436062558074,21.799999,2014-03-21,1
0.010091697710628398,21.58,2014-03-24,0
0.007877664504170443,21.41,2014-03-25,0
0.005604904250350232,21.530001,2014-03-26,1
0.0055735715014597524,21.65,2014-03-27,1
0.018475704387990816,22.049999,2014-03-28,1
0.0018141043906623386,22.09,2014-03-31,1
0.036668175645088216,22.9,2014-04-01,1
0.0013100436681223204,22.93,2014-04-02,1
0.01570000000000002,23.290001,2014-04-03,1
0.021039157533741647,22.799999,2014-04-04,0
0.0157895182363824,23.16,2014-04-07,1
0.005181303972366147,23.040001,2014-04-08,0
0.016927039195875015,23.43,2014-04-09,1
0.03201024327784891,24.18,2014-04-10,1
0.0028949545078577454,24.25,2014-04-11,1
0.0020618144329896775,24.299999,2014-04-14,1
0.03703699740892998,23.4,2014-04-15,0
0.03162388888888893,24.139999,2014-04-16,1
0.009527713733542383,23.91,2014-04-17,0
0.00209113341698033,23.860001,2014-04-21,0
0.028080468227977093,23.190001,2014-04-22,0
0.018542517527273813,22.76,2014-04-23,0
0.00966603690685419,22.540001,2014-04-24,0
0.006654924283277567,22.389999,2014-04-25,0
0.007592675640583912,22.219999,2014-04-28,0
0.026102611435761012,22.799999,2014-04-29,1
0.008771886349644062,22.6,2014-04-30,0
0.0026548672566371113,22.66,2014-05-01,1
0.015004413062665483,23.0,2014-05-02,1
0.01913047826086951,22.559999,2014-05-05,0
0.0031027926907267506,22.49,2014-05-06,0
0.02356607381058242,21.959999,2014-05-07,0
0.019580966283286316,21.530001,2014-05-08,0
0.004644588729930989,21.629999,2014-05-09,1
0.014794360369595892,21.950001,2014-05-12,1
0.012756218097666605,22.23,2014-05-13,1
0.0026991003148897773,22.290001,2014-05-14,1
0.02108564284048266,22.76,2014-05-15,1
0.02504393673110706,23.33,2014-05-16,1
0.008144063437633894,23.139999,2014-05-19,0
0.018582585072713303,23.57,2014-05-20,1
0.037335638523546884,24.450001,2014-05-21,1
0.001636032652923007,24.41,2014-05-22,0
0.004506349856616117,24.52,2014-05-23,1
0.0269168026101142,25.18,2014-05-27,1
0.005559968228753001,25.32,2014-05-28,1
0.019747235387045814,24.82,2014-05-29,0
0.0,24.82,2014-05-30,0
0.0012086623690572163,24.790001,2014-06-02,0
0.026220249043152462,25.440001,2014-06-03,1
0.007075510728163777,25.26,2014-06-04,0
0.014251781472684202,24.9,2014-06-05,0
0.013253012048192703,24.57,2014-06-06,0
0.011396011396011442,24.85,2014-06-09,1
0.0008048289738431841,24.83,2014-06-10,0
0.0012082561417639393,24.799999,2014-06-11,0
0.0028226614041395237,24.870001,2014-06-12,1
0.021712866034866735,25.41,2014-06-13,1
0.009838646202282565,25.66,2014-06-16,1
0.008963328137178464,25.889999,2014-06-17,1
0.0054074548245443945,25.75,2014-06-18,0
0.016699029126213582,26.18,2014-06-19,1
0.006875515660809807,26.360001,2014-06-20,1
0.006828565750054438,26.18,2014-06-23,0
0.006493506493506559,26.35,2014-06-24,1
0.020113814041745733,26.879999,2014-06-25,1
0.0078124630882612685,26.67,2014-06-26,0
0.0029996250468690773,26.75,2014-06-27,1
0.016448635514018647,27.190001,2014-06-30,1
0.005884516149889077,27.030001,2014-07-01,0
0.010358897138035571,26.75,2014-07-02,0
0.004486018691588728,26.870001,2014-07-03,1
0.004838072019424247,27.0,2014-07-07,1
0.025555592592592546,27.690001,2014-07-08,1
0.016612530999908535,27.23,2014-07-09,0
0.002937899375688609,27.309999,2014-07-10,1
0.02270234429521577,27.93,2014-07-11,1
0.010741138560687459,28.23,2014-07-14,1
0.0038965639390718893,28.34,2014-07-15,1
0.0028228652081863743,28.42,2014-07-16,1
0.014426460239268125,28.01,2014-07-17,0
0.01642267047483041,28.469999,2014-07-18,1
0.014401124496000162,28.059999,2014-07-21,0
0.013185959129934484,27.690001,2014-07-22,0
0.02311310859107586,27.049999,2014-07-23,0
0.03068391980347215,27.879999,2014-07-24,1
0.005380165185802234,27.73,2014-07-25,0
0.0036062026685898976,27.83,2014-07-28,1
0.004671182177506216,27.700001,2014-07-29,0
0.023104764508853234,27.059999,2014-07-30,0
0.00036958611860994666,27.07,2014-07-31,1
0.011451754710011128,27.379999,2014-08-01,1
0.0003652301082990547,27.389999,2014-08-04,1
0.00766706855301462,27.6,2014-08-05,1
0.004710144927536196,27.73,2014-08-06,1
0.011539812477461206,28.049999,2014-08-07,1
0.01675582947436112,28.52,2014-08-08,1
0.005960764375876549,28.690001,2014-08-11,1
0.03136977931788853,29.59,2014-08-12,1
0.0064210882054748656,29.4,2014-08-13,0
0.009183707482993098,29.129999,2014-08-14,0
0.026089942536558205,29.889999,2014-08-15,1
0.017731716886307095,30.42,2014-08-18,1
0.02761341222879684,31.26,2014-08-19,1
0.029110684580934104,30.35,2014-08-20,0
0.009884678747940598,30.65,2014-08-21,1
0.0055464926590537734,30.48,2014-08-22,0
0.006889763779527587,30.27,2014-08-25,0
0.0006607201850016378,30.25,2014-08-26,0
0.004958677685950366,30.4,2014-08-27,1
0.01611842105263153,29.91,2014-08-28,0
0.020394516883985272,30.52,2014-08-29,1
0.031127096985583285,31.469999,2014-09-02,1
0.011121735339108173,31.82,2014-09-03,1
0.005342551854179815,31.65,2014-09-04,0
0.006003159557661968,31.84,2014-09-05,1
0.021042650753768946,32.509998,2014-09-08,1
0.0021531530084991945,32.439999,2014-09-09,0
0.008631288798745144,32.16,2014-09-10,0
0.04384328358208945,30.75,2014-09-11,0
0.024390243902439025,31.5,2014-09-12,1
0.022857111111111154,30.780001,2014-09-15,0
0.012995516146994183,30.379999,2014-09-16,0
0.02040819685346265,31.0,2014-09-17,1
0.005483870967741991,31.17,2014-09-18,1
0.002245749117741427,31.1,2014-09-19,0
0.015755594855305498,30.610001,2014-09-22,0
0.005227017143841293,30.77,2014-09-23,1
0.0029249268768280746,30.68,2014-09-24,0
0.012060006518904775,30.309999,2014-09-25,0
0.014846618767621876,30.76,2014-09-26,1
0.030234070221066424,29.83,2014-09-29,0
0.002681863895407251,29.75,2014-09-30,0
0.013445378151260456,29.35,2014-10-01,0
0.011925042589437867,29.0,2014-10-02,0
0.03172413793103454,29.92,2014-10-03,1
0.012032118983957115,30.280001,2014-10-06,1
0.016182264987375693,30.77,2014-10-07,1
0.005524894377640532,30.940001,2014-10-08,1
0.024240464633469145,30.190001,2014-10-09,0
0.05266647722204439,28.6,2014-10-10,0
0.02972027972027977,27.75,2014-10-13,0
0.005765765765765771,27.59,2014-10-14,0
0.0184849583182313,28.1,2014-10-15,1
0.010320320284697515,27.809999,2014-10-16,0
0.00719169389398397,28.01,2014-10-17,1
0.018564833987861372,28.530001,2014-10-20,1
0.017174867957417912,29.02,2014-10-21,1
0.002412095106822855,28.950001,2014-10-22,0
0.002417927377619063,29.02,2014-10-23,1
0.002412129565816688,29.09,2014-10-24,1
0.005500171880371266,28.93,2014-10-27,0
0.024541963359834076,29.639999,2014-10-28,1
0.004723313249774386,29.5,2014-10-29,0
0.002033864406779703,29.559999,2014-10-30,1
0.0023680312032487824,29.49,2014-10-31,0
0.007121024075957947,29.280001,2014-11-03,0
0.007513626792567439,29.5,2014-11-04,1
0.002711864406779603,29.58,2014-11-05,1
0.05679513184584178,27.9,2014-11-06,0
0.04551974910394255,26.629999,2014-11-07,0
0.021404506999793682,27.200001,2014-11-10,1
0.03198525617701264,28.07,2014-11-11,1
0.011400071250445325,27.75,2014-11-12,0
0.0054054054054053545,27.6,2014-11-13,0
0.019927536231883956,28.15,2014-11-14,1
0.023445825932504445,27.49,2014-11-17,0
0.0232811931611494,26.85,2014-11-18,0
0.00260707635009312,26.92,2014-11-19,1
0.010029717682020918,26.65,2014-11-20,0
0.033771069418386535,27.549999,2014-11-21,1
0.001088892961484322,27.52,2014-11-24,0
0.0014534883720929922,27.48,2014-11-25,0
0.014919905385735047,27.889999,2014-11-26,1
0.002868411719914434,27.969999,2014-11-28,1
0.03003217840658485,27.129999,2014-12-01,0
0.011795134972175958,27.450001,2014-12-02,1
0.02040080071399636,26.889999,2014-12-03,0
0.005206471000612498,27.030001,2014-12-04,1
0.00036995929078957726,27.040001,2014-12-05,1
0.010354992220599404,27.32,2014-12-08,1
0.0025622254758418846,27.25,2014-12-09,0
0.009541284403669782,27.51,2014-12-10,1
0.00654307524536544,27.33,2014-12-11,0
0.016099560922063622,26.889999,2014-12-12,0
0.004090665827098057,26.780001,2014-12-15,0
0.004107580130411381,26.67,2014-12-16,0
0.03187101612298468,25.82,2014-12-17,0
0.010069752130131643,25.559999,2014-12-18,0
0.0320813784069397,26.379999,2014-12-19,1
0.008339613659576006,26.16,2014-12-22,0
0.008027484709480115,25.950001,2014-12-23,0
0.0034682079588359113,26.040001,2014-12-24,1
0.023041396964616066,26.639999,2014-12-26,1
0.012762763241845462,26.299999,2014-12-29,0
0.004942927944597944,26.17,2014-12-30,0
0.001910546427206713,26.219999,2014-12-31,1
0.004576621074623228,26.1,2015-01-02,0
0.021839042145593977,25.530001,2015-01-05,0
0.0062671364564380605,25.690001,2015-01-06,1
0.049046319616725655,26.950001,2015-01-07,1
0.04192946041078061,28.08,2015-01-08,1
0.020299145299145185,27.51,2015-01-09,0
0.002181025081788394,27.57,2015-01-12,1
0.008705114254624663,27.33,2015-01-13,0
0.011342810098792582,27.639999,2015-01-14,1
0.02062225110789618,27.07,2015-01-15,0
0.014776505356483139,26.67,2015-01-16,0
0.002249681289838817,26.610001,2015-01-20,0
0.006764374041173456,26.790001,2015-01-21,1
0.00671892472120474,26.610001,2015-01-22,0
0.01202551627111924,26.93,2015-01-23,1
0.01485332343111766,27.33,2015-01-26,1
0.010976911818514443,27.030001,2015-01-27,0
0.023677468602387366,26.389999,2015-01-28,0
0.020083289885687344,25.860001,2015-01-29,0
0.008507424264987497,25.639999,2015-01-30,0
0.016380655865080248,26.059999,2015-02-02,1
0.09171151541487009,28.450001,2015-02-03,1
0.03690681768341589,29.5,2015-02-04,1
0.014915288135593178,29.940001,2015-02-05,1
0.01803610494201387,29.4,2015-02-06,0
0.032312925170068126,30.35,2015-02-09,1
0.0072487644151564695,30.57,2015-02-10,1
0.009486457311089309,30.860001,2015-02-11,1
0.02883988889047669,31.75,2015-02-12,1
0.015748031496062992,31.25,2015-02-13,0
0.023360000000000013,30.52,2015-02-17,0
0.0029488859764089078,30.43,2015-02-18,0
0.0016431482090042125,30.379999,2015-02-19,0
0.025016393186846484,29.620001,2015-02-20,0
0.037474644244610326,30.73,2015-02-23,1
0.0026033192320208867,30.65,2015-02-24,0
0.006525252854812342,30.450001,2015-02-25,0
0.0013135960159737965,30.49,2015-02-26,1
0.0029517874713020616,30.58,2015-02-27,1
0.016350555918901243,31.08,2015-03-02,1
0.00900904118404114,30.799999,2015-03-03,0
0.003571363752317035,30.690001,2015-03-04,0
0.010426816212876722,31.01,2015-03-05,1
0.01064172847468553,31.34,2015-03-06,1
0.006381652839821325,31.139999,2015-03-09,0
0.038214452094234144,29.950001,2015-03-10,0
0.029716259441861088,29.059999,2015-03-11,0
0.023055781935849316,29.73,2015-03-12,1
0.06054490413723514,27.93,2015-03-13,0
0.018618009308986775,28.450001,2015-03-16,1
0.02038664251716553,27.870001,2015-03-17,0
0.024757731440339843,28.559999,2015-03-18,1
0.0,28.559999,2015-03-19,0
0.007703046488201956,28.34,2015-03-20,0
0.02646436132674665,29.09,2015-03-23,1
0.008594018563080097,29.34,2015-03-24,1
0.008179959100204446,29.58,2015-03-25,1
0.016903313049357674,29.08,2015-03-26,0
0.01753782668500681,28.57,2015-03-27,0
0.0140006650332517,28.969999,2015-03-30,1
0.006213358861351607,29.15,2015-03-31,1
0.0034305660377358113,29.049999,2015-04-01,0
0.0034423753336445518,29.15,2015-04-02,1
0.007204150943396291,29.360001,2015-04-06,1
0.0023841961040805236,29.290001,2015-04-07,0
0.04404229962300097,30.58,2015-04-08,1
0.0977763243950295,33.57,2015-04-09,1
0.005659785522788211,33.380001,2015-04-10,0
0.029059226211527057,34.349998,2015-04-13,1
0.019505037525766367,33.68,2015-04-14,0
0.019893052256532057,34.349998,2015-04-15,1
0.004657933313416894,34.509998,2015-04-16,1
0.03477244478542141,33.310001,2015-04-17,0
0.023716630930152076,32.52,2015-04-20,0
0.027060332103320955,33.400002,2015-04-21,1
0.014970058983828803,33.900002,2015-04-22,1
0.005014807963728255,33.73,2015-04-23,0
0.005336525348354498,33.549999,2015-04-24,0
0.000596155010317604,33.57,2015-04-27,1
0.030384271671135034,34.59,2015-04-28,1
0.00954027175484233,34.919998,2015-04-29,1
0.02033216038557609,34.209999,2015-04-30,0
0.011107892753811539,34.59,2015-05-01,1
0.004914657415437978,34.759998,2015-05-04,1
0.004315218890403821,34.610001000000004,2015-05-05,0
0.02513721395153961,33.740002000000004,2015-05-06,0
0.023414373241590312,32.950001,2015-05-07,0
0.04613049935871028,34.470001,2015-05-08,1
0.02843051846734779,35.450001,2015-05-11,1
0.0188999148406231,34.779999,2015-05-12,0
0.002012651006689022,34.709999,2015-05-13,0
0.025640997569605112,35.599998,2015-05-14,1
0.021067416913899826,34.849998,2015-05-15,0
0.003156269908537594,34.740002000000004,2015-05-18,0
0.009786988498158502,34.400002,2015-05-19,0
0.0023255231206090114,34.48,2015-05-20,1
0.009280713457076649,34.799999,2015-05-21,1
0.03936778848758013,33.43,2015-05-22,0
0.02123837870176477,32.720001,2015-05-26,0
0.013447493476543807,32.279999,2015-05-27,0
0.023543959837173386,31.52,2015-05-28,0
0.0031726205583755994,31.620001,2015-05-29,1
0.0025300441957607244,31.540001,2015-06-01,0
0.006341185594762673,31.34,2015-06-02,0
0.006381652839821325,31.540001,2015-06-03,1
0.0012682624835680942,31.5,2015-06-04,0
0.01841269841269836,30.92,2015-06-05,0
0.012289747736093192,30.540001,2015-06-08,0
0.029142140499602523,29.65,2015-06-09,0
0.014839831365935878,29.209999,2015-06-10,0
0.0023964396575296113,29.139999,2015-06-11,0
0.012011016198044445,29.49,2015-06-12,1
0.025093251949813444,28.75,2015-06-15,0
0.021217426086956537,28.139999,2015-06-16,0
0.01918980167696524,28.68,2015-06-17,1
0.010808926080892563,28.99,2015-06-18,1
0.008968609865470906,29.25,2015-06-19,1
0.00581196581196587,29.08,2015-06-22,0
0.02063273727647873,29.68,2015-06-23,1
0.013140128032344997,29.290001,2015-06-24,0
0.03414134400336825,28.290001,2015-06-25,0
0.0014139624809486637,28.25,2015-06-26,0
0.06159292035398225,26.51,2015-06-29,0
0.04639758581667283,27.74,2015-06-30,1
0.021268925739005042,27.15,2015-07-01,0
0.015837974217311132,26.719999,2015-07-02,0
0.08158675455040253,24.540001,2015-07-06,0
0.03830484766483908,23.6,2015-07-07,0
0.03432199152542378,22.790001,2015-07-08,0
0.07942075123208645,24.6,2015-07-09,1
0.01626016260162596,25.0,2015-07-10,1
0.014000000000000058,25.35,2015-07-13,1
0.028007928994082915,24.639999,2015-07-14,0
0.01623372630818699,24.24,2015-07-15,0
0.010313531353135313,23.99,2015-07-16,0
0.03084618591079625,24.73,2015-07-17,1
0.02143141932875051,24.200001,2015-07-20,0
0.01983479256881018,23.719999,2015-07-21,0
0.020657631562294793,23.23,2015-07-22,0
0.008609556607834665,23.43,2015-07-23,1
0.006402005975245459,23.280001,2015-07-24,0
0.05197598573986309,22.07,2015-07-27,0
0.01631173538740369,22.43,2015-07-28,1
0.00713330361123496,22.59,2015-07-29,1
0.01283758300132803,22.299999,2015-07-30,0
0.03139009109372598,21.6,2015-07-31,0
0.02175930555555555,21.129999,2015-08-03,0
0.025082869147319817,21.66,2015-08-04,1
0.01338878116343491,21.950001,2015-08-05,1
0.035990932301096484,21.16,2015-08-06,0
0.003308128544423454,21.23,2015-08-07,1
0.0240226095148374,21.74,2015-08-10,1
0.01701936522539108,22.110001,2015-08-11,1
0.014020894888245403,21.799999,2015-08-12,0
0.09403665568975483,19.75,2015-08-13,0
0.052151949367088536,18.719999,2015-08-14,0
0.009081197066303353,18.549999,2015-08-17,0
0.05714280631497615,17.49,2015-08-18,0
0.029731275014294064,18.01,2015-08-19,1
0.03498062187673534,17.379998999999998,2015-08-20,0
0.027042521694046005,16.91,2015-08-21,0
0.05085753991720878,16.049999,2015-08-24,0
0.018691652254931714,16.35,2015-08-25,1
0.00917425076452606,16.200001,2015-08-26,0
0.02222209739369753,16.559998999999998,2015-08-27,1
0.03925121009971089,17.209999,2015-08-28,1
0.05926775475117677,16.190001000000002,2015-08-31,0
0.03335398188054478,15.65,2015-09-01,0
0.0038338658146965174,15.59,2015-09-02,0
0.017318794098781242,15.86,2015-09-03,1
0.01324085750315264,16.07,2015-09-04,1
0.08898568761667702,17.5,2015-09-08,1
0.012571371428571305,17.280001000000002,2015-09-09,0
0.03240752127271314,16.719998999999998,2015-09-10,0
0.01375610130120238,16.950001,2015-09-11,1
0.0058997636637306925,16.85,2015-09-14,0
0.03026712166172101,17.360001,2015-09-15,1
0.04435472094730876,18.129999,2015-09-16,1
0.05074462497212482,19.049999,2015-09-17,1
0.04041984464146172,18.280001,2015-09-18,0
0.004923413297406268,18.190001,2015-09-21,0
0.03353496242248698,17.58,2015-09-22,0
0.022753128555176257,17.18,2015-09-23,0
0.018044179278230366,16.870001000000002,2015-09-24,0
0.004149495901037726,16.799999,2015-09-25,0
0.01428571513605459,16.559998999999998,2015-09-28,0
0.03623182585940959,15.96,2015-09-29,0
0.053884711779448584,16.82,2015-09-30,1
0.005350772889417352,16.91,2015-10-01,1
0.03193382613837967,17.450001,2015-10-02,1
0.01833805052504004,17.77,2015-10-05,1
0.04051778277996623,17.049999,2015-10-06,0
0.041055779534063336,17.75,2015-10-07,1
0.003943661971831002,17.82,2015-10-08,1
0.016273905723905732,18.110001,2015-10-09,1
0.06902263561443205,19.360001,2015-10-12,1
0.014462705864529609,19.639999,2015-10-13,1
0.01985738390312543,19.25,2015-10-14,0
0.025974025974025976,19.75,2015-10-15,1
0.026835493670886005,19.219999,2015-10-16,0
0.04006233298971561,18.450001,2015-10-19,0
0.014634037147206716,18.719999,2015-10-20,1
0.00747857945932599,18.58,2015-10-21,0
0.021528525296017148,18.18,2015-10-22,0
0.017601760176017618,18.5,2015-10-23,1
0.000540540540540625,18.51,2015-10-26,1
0.01620750945434909,18.209999,2015-10-27,0
0.01702355941919608,17.9,2015-10-28,0
0.012849106145251563,18.129999,2015-10-29,1
0.022614562747631625,18.540001,2015-10-30,1
0.019956795040086565,18.91,2015-11-02,1
0.02009524061343205,19.290001,2015-11-03,1
0.015033643595974833,19.58,2015-11-04,1
0.008171603677221662,19.74,2015-11-05,1
0.015197517730496438,19.440001,2015-11-06,0
0.008230452251519953,19.280001,2015-11-09,0
0.03734450013773326,18.559999,2015-11-10,0
0.00754321161331954,18.700001,2015-11-11,1
0.0470587675369642,19.58,2015-11-12,1
0.06230842696629221,20.799999,2015-11-13,1
0.044230771357248705,21.719999,2015-11-16,1
0.005524908173338243,21.84,2015-11-17,1
0.006410210622710601,21.700001,2015-11-18,0
0.002764930748159931,21.76,2015-11-19,1
0.008731663602941118,21.950001,2015-11-20,1
0.0195900218865594,21.52,2015-11-23,0
0.04275097583643119,22.440001,2015-11-24,1
0.010695186689162734,22.200001,2015-11-25,0
0.05765770010550894,20.92,2015-11-27,0
0.027724665391969324,21.5,2015-11-30,1
0.010232511627907042,21.719999,2015-12-01,1
0.01381210929153356,21.42,2015-12-02,0
0.007936507936508016,21.25,2015-12-03,0
0.016470588235294185,21.6,2015-12-04,1
0.011574074074074073,21.85,2015-12-07,1
0.01784901601830671,21.459999,2015-12-08,0
0.01211547120761746,21.200001,2015-12-09,0
0.03207551735492846,20.52,2015-12-10,0
0.00877192982456139,20.34,2015-12-11,0
0.000983333333333363,20.360001,2015-12-14,1
0.008349704894415189,20.530001,2015-12-15,1
0.022406184977779586,20.99,2015-12-16,1
0.02667937112910904,20.43,2015-12-17,0
0.001957953989231531,20.389999,2015-12-18,0
0.011280137875435841,20.620001,2015-12-21,1
0.0004848690356515046,20.629999,2015-12-22,1
0.023751915838677303,21.120001,2015-12-23,1
0.009943228695869775,20.91,2015-12-24,0
0.014825442372070717,20.6,2015-12-28,0
0.005339805825242863,20.49,2015-12-29,0
0.012201073694485115,20.24,2015-12-30,0
0.007905138339920957,20.08,2015-12-31,0
0.05727091633466129,18.93,2016-01-04,0
0.003697781299524525,18.860001,2016-01-05,0
0.04400848122966705,18.030001,2016-01-06,0
0.019412145345970803,17.68,2016-01-07,0
0.01414027149321267,17.93,2016-01-08,1
0.01673179029559427,17.629998999999994,2016-01-11,0
0.004537720053188588,17.549999,2016-01-12,0
0.03874632699409258,16.870001000000002,2016-01-13,0
0.02430349589190896,17.280001000000002,2016-01-14,1
0.0688657946258222,16.09,2016-01-15,0
0.0627719080174022,17.1,2016-01-19,1
0.03040935672514638,16.58,2016-01-20,0
0.0030156212303978367,16.530001000000002,2016-01-21,0
0.029643010910888473,17.02,2016-01-22,1
0.027614571092831896,17.49,2016-01-25,1
0.00800451686678079,17.629998999999994,2016-01-26,1
0.00794095337157966,17.49,2016-01-27,0
0.008576329331046231,17.34,2016-01-28,0
0.017300980392156846,17.639999,2016-01-29,1
0.024376475304788894,18.07,2016-02-01,1
0.022689540675152192,18.48,2016-02-02,1
0.07034632034632038,17.18,2016-02-03,0
0.0069848079161816045,17.299999,2016-02-04,1
0.017340983661328517,17.0,2016-02-05,0
0.01882352941176472,16.68,2016-02-08,0
0.010791366906474803,16.5,2016-02-09,0
0.00848478787878785,16.639999,2016-02-10,1
0.0438701348479648,15.91,2016-02-11,0
0.037083595223130095,16.5,2016-02-12,1
0.011515212121212261,16.690001000000002,2016-02-16,1
0.018573935376037284,17.0,2016-02-17,1
0.005882352941176554,16.9,2016-02-18,0
0.011834319526627389,17.1,2016-02-19,1
0.027485380116958995,17.57,2016-02-22,1
0.03130335799658513,17.02,2016-02-23,0
0.01586368977673323,16.75,2016-02-24,0
0.0005970149253732277,16.74,2016-02-25,0
0.00836314217443247,16.879998999999998,2016-02-26,1
0.0065165288220691495,16.77,2016-02-29,0
0.02087066189624344,17.120001000000002,2016-03-01,1
0.04088790649019239,16.42,2016-03-02,0
0.00913520097442135,16.57,2016-03-03,1
0.02896795413397703,17.049999,2016-03-04,1
0.012903167912209343,16.83,2016-03-07,0
0.022578669043374806,16.450001,2016-03-08,0
0.0012158661874853748,16.43,2016-03-09,0
0.020085209981740616,16.1,2016-03-10,0
0.03850925465838487,16.719998999999998,2016-03-11,1
0.007775179890860257,16.85,2016-03-14,1
0.0005935311572699726,16.860001,2016-03-15,1
0.004151779113180317,16.93,2016-03-16,1
0.008269285292380362,16.790001,2016-03-17,0
0.02799291078064855,16.32,2016-03-18,0
0.00980392156862746,16.16,2016-03-21,0
0.01361379950495036,16.379998999999998,2016-03-22,1
0.021367400571880125,16.030001000000002,2016-03-23,0
0.021834122156324406,15.68,2016-03-24,0
0.004464285714285732,15.75,2016-03-28,1
0.006984126984126948,15.64,2016-03-29,0
0.012787723785166195,15.84,2016-03-30,1
0.018939393939393985,15.54,2016-03-31,0
0.01866151866151861,15.25,2016-04-01,0
0.004590163934426248,15.18,2016-04-04,0
0.04018445322793145,14.57,2016-04-05,0
0.004118050789293102,14.63,2016-04-06,1
0.006835269993164827,14.53,2016-04-07,0
0.03922918100481764,15.1,2016-04-08,1
0.0033112582781456247,15.05,2016-04-11,0
0.03920265780730896,15.64,2016-04-12,1
0.021739130434782598,15.98,2016-04-13,1
0.03254067584480598,16.5,2016-04-14,1
0.0036363030303028904,16.440001000000002,2016-04-15,0
0.008515753739917411,16.58,2016-04-18,1
0.013872074788902258,16.809998999999998,2016-04-19,1
0.02082094115532059,16.459999,2016-04-20,0
0.010935480615764173,16.280001000000002,2016-04-21,0
0.010442259800844097,16.110001,2016-04-22,0
0.011793791943277919,16.299999,2016-04-25,1
0.019632025744296202,16.620001000000002,2016-04-26,1
0.007821961021542872,16.49,2016-04-27,0
0.0030320800485140165,16.440001000000002,2016-04-28,0
0.04379567860123619,15.72,2016-04-29,0
0.0006361323155216149,15.73,2016-05-02,1
0.04767959313413859,14.98,2016-05-03,0
0.008678237650200319,14.85,2016-05-04,0
0.000673400673400659,14.86,2016-05-05,1
0.021534320323014826,14.54,2016-05-06,0
0.015818431911966895,14.31,2016-05-09,0
0.060097833682739424,13.45,2016-05-10,0
0.010408921933085413,13.31,2016-05-11,0
0.012021036814425255,13.15,2016-05-12,0
0.03498098859315596,12.69,2016-05-13,0
0.048857368006304254,13.31,2016-05-16,1
0.013523666416228378,13.13,2016-05-17,0
0.02513328255902514,12.8,2016-05-18,0
0.0007812500000001221,12.79,2016-05-19,0
0.007036747458952296,12.7,2016-05-20,0
0.017322834645669204,12.48,2016-05-23,0
0.013621794871794865,12.65,2016-05-24,1
0.022924901185770685,12.94,2016-05-25,1
0.04945904173106637,12.3,2016-05-26,0
0.001626016260162567,12.32,2016-05-27,1
0.0016233766233765888,12.34,2016-05-31,1
0.02917341977309558,11.98,2016-06-01,0
0.02420701168614365,11.69,2016-06-02,0
0.028229255774165962,12.02,2016-06-03,1
0.0,12.02,2016-06-06,0
0.00831946755407651,12.12,2016-06-07,1
0.01980198019801982,12.36,2016-06-08,1
0.001618122977346244,12.34,2016-06-09,0
0.00405186385737445,12.39,2016-06-10,1
0.014527845036319589,12.57,2016-06-13,1
0.031821797931583164,12.17,2016-06-14,0
0.0008216926869350688,12.16,2016-06-15,0
0.003289473684210602,12.12,2016-06-16,0
0.009075907590759175,12.23,2016-06-17,1
0.002452984464431673,12.26,2016-06-20,1
0.012234910277324661,12.11,2016-06-21,0
0.014037985136251027,12.28,2016-06-22,1
0.016286644951140152,12.48,2016-06-23,1
0.04246794871794881,11.95,2016-06-24,0
0.020083682008368072,11.71,2016-06-27,0
0.008539709649871873,11.81,2016-06-28,1
0.02032176121930569,12.05,2016-06-29,1
0.0024896265560165444,12.08,2016-06-30,1
0.013245033112582794,12.24,2016-07-01,1
0.022058823529411728,11.97,2016-07-05,0
0.002506265664160496,11.94,2016-07-06,0
0.046901172529313126,11.38,2016-07-07,0
0.023725834797890998,11.65,2016-07-08,1
0.000858369098712428,11.66,2016-07-11,1
0.01886792452830194,11.88,2016-07-12,1
0.005892255892255916,11.81,2016-07-13,0
0.03386960203217615,12.21,2016-07-14,1
0.0,12.21,2016-07-15,0
0.06879606879606878,13.05,2016-07-18,1
0.00689655172413792,12.96,2016-07-19,0
0.03780864197530852,13.45,2016-07-20,1
0.0007434944237919378,13.46,2016-07-21,1
0.008915304606240654,13.58,2016-07-22,1
0.030191458026509584,13.17,2016-07-25,0
0.004555808656036484,13.11,2016-07-26,0
0.014492753623188503,13.3,2016-07-27,1
0.013533834586466276,13.12,2016-07-28,0
0.010670731707316982,12.98,2016-07-29,0
0.00924499229583983,12.86,2016-08-01,0
0.0,12.86,2016-08-02,0
0.013996889580093291,13.04,2016-08-03,1
0.0061349693251533804,13.12,2016-08-04,1
0.01143292682926832,13.27,2016-08-05,1
0.04446119065561416,13.86,2016-08-08,1
0.003607503607503659,13.91,2016-08-09,1
0.010064701653486741,13.77,2016-08-10,0
0.0007262164124909068,13.78,2016-08-11,1
0.004354136429608164,13.84,2016-08-12,1
0.019508670520231183,14.11,2016-08-15,1
0.011339475549255858,13.95,2016-08-16,0
0.014336917562723964,13.75,2016-08-17,0
0.035636363636363654,14.24,2016-08-18,1
0.05126404494382025,13.51,2016-08-19,0
0.010362694300518177,13.37,2016-08-22,0
0.002243829468960444,13.4,2016-08-23,1
0.011940298507462697,13.24,2016-08-24,0
0.007552870090634414,13.14,2016-08-25,0
0.004566210045662003,13.2,2016-08-26,1
0.012121212121212133,13.36,2016-08-29,1
0.005988023952095814,13.44,2016-08-30,1
0.007440476190476164,13.34,2016-08-31,0
0.02248875562218896,13.64,2016-09-01,1
0.0065982404692082,13.73,2016-09-02,1
0.024034959941733436,14.06,2016-09-06,1
0.007823613086771068,13.95,2016-09-07,0
0.0014336917562724984,13.97,2016-09-08,1
0.0257695060844668,13.61,2016-09-09,0
0.002204261572373208,13.58,2016-09-12,0
0.02282768777614142,13.27,2016-09-13,0
0.0,13.27,2016-09-14,0
0.005275056518462719,13.34,2016-09-15,1
0.0037481259370315376,13.29,2016-09-16,0
0.0015048908954101844,13.31,2016-09-19,1
0.0007513148009015618,13.3,2016-09-20,0
0.011278195488721696,13.45,2016-09-21,1
0.002973977695167355,13.49,2016-09-22,1
0.009636767976278783,13.36,2016-09-23,0
0.01946107784431136,13.1,2016-09-26,0
0.010687022900763402,13.24,2016-09-27,1
0.00528700906344413,13.31,2016-09-28,1
0.011269722013523692,13.16,2016-09-29,0
0.010638297872340469,13.3,2016-09-30,1
0.006015037593984967,13.22,2016-10-03,0
0.006051437216338886,13.14,2016-10-04,0
0.02739726027397256,13.5,2016-10-05,1
0.000740740740740725,13.49,2016-10-06,0
0.019273535952557434,13.23,2016-10-07,0
0.010582010582010491,13.37,2016-10-10,1
0.0201944652206432,13.1,2016-10-11,0
0.008396946564885589,13.21,2016-10-12,1
0.009841029523088627,13.08,2016-10-13,0
0.009174311926605444,13.2,2016-10-14,1
0.013636363636363615,13.02,2016-10-17,0
0.009216589861751228,13.14,2016-10-18,1
0.0007610350076103338,13.15,2016-10-19,1
0.0030418250950571043,13.11,2016-10-20,0
0.006102212051868808,13.19,2016-10-21,1
0.009855951478392647,13.06,2016-10-24,0
0.001531393568146981,13.08,2016-10-25,1
0.0038226299694190144,13.03,2016-10-26,0
0.01074443591711426,12.89,2016-10-27,0
0.009309542280837935,12.77,2016-10-28,0
0.0,12.77,2016-10-31,0
0.008613938919342165,12.66,2016-11-01,0
0.010268562401263885,12.53,2016-11-02,0
0.007182761372705496,12.44,2016-11-03,0
0.007234726688102883,12.35,2016-11-04,0
0.012955465587044546,12.51,2016-11-07,1
0.0023980815347721313,12.54,2016-11-08,1
0.011961722488038165,12.39,2016-11-09,0
0.009685230024213155,12.27,2016-11-10,0
0.005704971475142648,12.2,2016-11-11,0
0.0040983606557376175,12.15,2016-11-14,0
0.012345679012345708,12.3,2016-11-15,1
0.0162601626016261,12.1,2016-11-16,0
0.009090909090909191,12.21,2016-11-17,1
0.0024570024570025497,12.18,2016-11-18,0
0.0008210180623973553,12.19,2016-11-21,1
0.02543068088597215,12.5,2016-11-22,1
0.009599999999999937,12.38,2016-11-23,0
0.004038772213247086,12.43,2016-11-25,1
0.0016090104585679463,12.45,2016-11-28,1
0.0032128514056224216,12.41,2016-11-29,0
0.0016116035455277658,12.39,2016-11-30,0
0.0072639225181597945,12.3,2016-12-01,0
0.0,12.3,2016-12-02,0
0.0032520325203252783,12.26,2016-12-05,0
0.0008156606851549581,12.25,2016-12-06,0
0.006530612244897965,12.33,2016-12-07,1
0.008921330089213255,12.22,2016-12-08,0
0.0008183306055646306,12.23,2016-12-09,1
0.00899427636958309,12.12,2016-12-12,0
0.012376237623762406,12.27,2016-12-13,1
0.02118989405052973,12.01,2016-12-14,0
0.0008326394671107233,12.02,2016-12-15,1
0.003327787021630545,11.98,2016-12-16,0
0.002504173622704454,12.01,2016-12-19,1
0.0024979184013321698,11.98,2016-12-20,0
0.004173622704507571,11.93,2016-12-21,0
0.005029337803855867,11.87,2016-12-22,0
0.0016849199663015648,11.85,2016-12-23,0
0.002531645569620349,11.88,2016-12-27,1
0.001683501683501797,11.86,2016-12-28,0
0.0008431703204047038,11.87,2016-12-29,1
0.01095197978096047,12.0,2016-12-30,1
